{
  "generator-jhipster": {
    "applicationType": "microservice",
    "gitCompany": "",
    "baseName": "jhipsterSampleApplication",
    "packageName": "com.aliou.developer.store",
    "packageFolder": "com/aliou/developer/store",
    "serverPort": 8081,
    "serviceDiscoveryType": "eureka",
    "authenticationType": "jwt",
    "uaaBaseName": "../uaa",
    "cacheProvider": "no",
    "enableHibernateCache": false,
    "websocket": false,
    "databaseType": "mongodb",
    "devDatabaseType": "mongodb",
    "prodDatabaseType": "mongodb",
    "searchEngine": false,
    "enableSwaggerCodegen": false,
    "messageBroker": false,
    "buildTool": "maven",
    "useSass": true,
    "clientPackageManager": "npm",
    "testFrameworks": [],
    "enableTranslation": true,
    "nativeLanguage": "en",
    "languages": ["fr", "en"],
    "clientFramework": "angularX",
    "jhiPrefix": "jhi",
    "jhipsterVersion": "6.10.1",
    "jwtSecretKey": "NTU1NThmZTIxM2FhMTUzMmNjYmZmOWY1YWRiZTEyZGNlYjFhNmIwZWEyYzczZTU4MDZlNTM1N2JlOTJiOTg5NWFmZmY0ZGVlMDQ4ZDI3MmYxMzg1NGI1MzJlYTNiZDZkZmM2MGZhZTkzOWViZDA4MjhlZjlhMDUwNzI5NjQ1NDU=",
    "embeddableLaunchScript": false,
    "creationTimestamp": 1595702129039,
    "entitySuffix": "",
    "dtoSuffix": "DTO",
    "otherModules": [],
    "blueprints": [],
    "skipClient": true,
    "skipUserManagement": true,
    "prettierJava": true
  }
}
